{
  "paths": [
    [
      "grid1_to_gp1",
      [
        {
          "actions": 0,
          "begin": true,
          "end": false,
          "h0": 0.0,
          "h1": 0.0,
          "rotation": 3.1415927410125732,
          "stop": false,
          "w0": 0.5939536094665527,
          "w1": 1.7080700397491455,
          "x": 1.8624485731124878,
          "y": 4.456533432006836
        },
        {
          "actions": 0,
          "begin": false,
          "end": true,
          "h0": 3.0019662380218506,
          "h1": 6.143558502197266,
          "rotation": 0.0,
          "stop": false,
          "w0": 2.0,
          "w1": 2.9000000953674316,
          "x": 6.471528053283691,
          "y": 4.598923206329346
        }
      ]
    ],
    [
      "grid2_to_gp1",
      [
        {
          "actions": 0,
          "begin": true,
          "end": false,
          "h0": 1.3962633609771729,
          "h1": 1.3962633609771729,
          "rotation": 3.1415927410125732,
          "stop": false,
          "w0": 1.1404304504394531,
          "w1": 1.7080700397491455,
          "x": 1.8600000143051147,
          "y": 3.880000114440918
        },
        {
          "actions": 0,
          "begin": false,
          "end": true,
          "h0": 3.1415927410125732,
          "h1": 6.2831854820251465,
          "rotation": 0.0,
          "stop": false,
          "w0": 2.0,
          "w1": 2.1886911392211914,
          "x": 6.46999979019165,
          "y": 4.599999904632568
        }
      ]
    ],
    [
      "gp1_to_grid1",
      [
        {
          "actions": 0,
          "begin": true,
          "end": false,
          "h0": 3.0019662380218506,
          "h1": 6.143558502197266,
          "rotation": 0.0,
          "stop": false,
          "w0": 2.9000000953674316,
          "w1": 2.9000000953674316,
          "x": 6.471528053283691,
          "y": 4.598923206329346
        },
        {
          "actions": 0,
          "begin": false,
          "end": true,
          "h0": 0.0,
          "h1": 3.1415927410125732,
          "rotation": 3.1415927410125732,
          "stop": false,
          "w0": 0.5939536094665527,
          "w1": 0.5899999737739563,
          "x": 1.8624485731124878,
          "y": 4.456533432006836
        }
      ]
    ],
    [
      "gp1_to_grid2",
      [
        {
          "actions": 0,
          "begin": true,
          "end": false,
          "h0": 3.1415927410125732,
          "h1": 6.2831854820251465,
          "rotation": 0.0,
          "stop": false,
          "w0": 2.0,
          "w1": 2.1886911392211914,
          "x": 6.46999979019165,
          "y": 4.599999904632568
        },
        {
          "actions": 0,
          "begin": false,
          "end": true,
          "h0": 1.3962633609771729,
          "h1": 4.537856101989746,
          "rotation": 3.1415927410125732,
          "stop": false,
          "w0": 1.1404304504394531,
          "w1": 1.1399999856948853,
          "x": 1.8600000143051147,
          "y": 3.880000114440918
        }
      ]
    ],
    [
      "gp1_to_cs",
      [
        {
          "actions": 0,
          "begin": true,
          "end": false,
          "h0": 4.167588710784912,
          "h1": 4.167588710784912,
          "rotation": 0.0,
          "stop": false,
          "w0": 0.9864802956581116,
          "w1": 1.7080700397491455,
          "x": 6.46999979019165,
          "y": 4.599999904632568
        },
        {
          "actions": 0,
          "begin": false,
          "end": true,
          "h0": 4.154594421386719,
          "h1": 4.154594421386719,
          "rotation": 3.1415927410125732,
          "stop": false,
          "w0": 2.0,
          "w1": 1.056139349937439,
          "x": 5.347723960876465,
          "y": 2.7044413089752197
        }
      ]
    ],
    [
      "grid3_to_cs",
      [
        {
          "actions": 0,
          "begin": true,
          "end": false,
          "h0": 0.0,
          "h1": 0.0,
          "rotation": 3.1415927410125732,
          "stop": false,
          "w0": 0.1600625216960907,
          "w1": 1.7080700397491455,
          "x": 1.8600000143051147,
          "y": 3.3018112182617188
        },
        {
          "actions": 0,
          "begin": false,
          "end": true,
          "h0": 3.1415927410125732,
          "h1": 6.2831854820251465,
          "rotation": 0.0,
          "stop": false,
          "w0": 2.0,
          "w1": 0.14896826446056366,
          "x": 2.3499999046325684,
          "y": 2.7699999809265137
        }
      ]
    ],
    [
      "grid4_to_cs",
      [
        {
          "actions": 0,
          "begin": true,
          "end": false,
          "h0": 0.0,
          "h1": 0.0,
          "rotation": 3.1415927410125732,
          "stop": false,
          "w0": 0.1600625216960907,
          "w1": 1.7080700397491455,
          "x": 1.8600000143051147,
          "y": 2.7693731784820557
        },
        {
          "actions": 0,
          "begin": false,
          "end": true,
          "h0": 3.1415927410125732,
          "h1": 6.2831854820251465,
          "rotation": 0.0,
          "stop": false,
          "w0": 2.0,
          "w1": 0.14896826446056366,
          "x": 2.3499999046325684,
          "y": 2.7699999809265137
        }
      ]
    ],
    [
      "cs_to_gp3",
      [
        {
          "actions": 0,
          "begin": true,
          "end": false,
          "h0": 5.337587356567383,
          "h1": 5.337587356567383,
          "rotation": 0.0,
          "stop": false,
          "w0": 0.5070258378982544,
          "w1": 1.7080700397491455,
          "x": 5.349999904632568,
          "y": 2.700000047683716
        },
        {
          "actions": 0,
          "begin": false,
          "end": true,
          "h0": 3.1415927410125732,
          "h1": 6.2831854820251465,
          "rotation": 0.0,
          "stop": false,
          "w0": 2.0,
          "w1": 0.5769744515419006,
          "x": 6.46999979019165,
          "y": 2.130000114440918
        }
      ]
    ],
    [
      "gp3_to_cs",
      [
        {
          "actions": 0,
          "begin": true,
          "end": false,
          "h0": 2.6452784538269043,
          "h1": 2.6452784538269043,
          "rotation": 0.0,
          "stop": false,
          "w0": 0.5518206357955933,
          "w1": 1.7080700397491455,
          "x": 6.46999979019165,
          "y": 2.130000114440918
        },
        {
          "actions": 0,
          "begin": false,
          "end": true,
          "h0": 2.705103874206543,
          "h1": 2.705103874206543,
          "rotation": 3.1415927410125732,
          "stop": false,
          "w0": 2.0,
          "w1": 0.6143571734428406,
          "x": 5.349999904632568,
          "y": 2.7044413089752197
        }
      ]
    ],
    [
      "grid6_to_gp4",
      [
        {
          "actions": 0,
          "begin": true,
          "end": false,
          "h0": 4.8869218826293945,
          "h1": 4.8869218826293945,
          "rotation": 3.1415927410125732,
          "stop": false,
          "w0": 1.409999966621399,
          "w1": 1.7080700397491455,
          "x": 1.8600000143051147,
          "y": 1.5750000476837158
        },
        {
          "actions": 0,
          "begin": false,
          "end": true,
          "h0": 3.1415927410125732,
          "h1": 6.2831854820251465,
          "rotation": 0.0,
          "stop": false,
          "w0": 2.0,
          "w1": 2.0,
          "x": 6.46999979019165,
          "y": 0.8899999856948853
        }
      ]
    ],
    [
      "grid7_to_gp4",
      [
        {
          "actions": 0,
          "begin": true,
          "end": false,
          "h0": 5.759586334228516,
          "h1": 5.759586334228516,
          "rotation": 3.1415927410125732,
          "stop": false,
          "w0": 1.1753333806991577,
          "w1": 1.7080700397491455,
          "x": 1.8600000143051147,
          "y": 1.0199999809265137
        },
        {
          "actions": 0,
          "begin": false,